Changes made at Sat Aug  9 05:58:18 UTC 2025
Changes made at Thu Nov 20 14:24:20 UTC 2025
Changes made at Thu Nov 20 16:13:56 UTC 2025
Changes made at Fri Nov 21 08:16:04 UTC 2025
Changes made at Fri Nov 21 10:11:37 UTC 2025
Changes made at Fri Nov 21 14:10:52 UTC 2025
Changes made at Fri Nov 21 16:13:36 UTC 2025
Changes made at Sat Nov 22 08:13:40 UTC 2025
Changes made at Sat Nov 22 10:10:21 UTC 2025
Changes made at Sat Nov 22 14:08:46 UTC 2025
Changes made at Sat Nov 22 16:11:29 UTC 2025
Changes made at Sun Nov 23 08:13:40 UTC 2025
Changes made at Sun Nov 23 10:10:12 UTC 2025
